504172,The Mule
424694,Bohemian Rhapsody
480530,Creed II
405774,Bird Box
369972,First Man
429197,Vice
505954,T-34
440626,Sobibor
375262,The Favourite
450465,Glass
426426,Roma
446021,Bad Times at the El Royale
470044,The Hate U Give
484247,A Simple Favor
332562,A Star Is Born
337167,Fifty Shades Freed
407436,Mowgli: Legend of the Jungle
438808,White Boy Rick
398173,The House That Jack Built
487558,BlacKkKlansman
447332,A Quiet Place
569547,Black Mirror: Bandersnatch
157336,Interstellar
399360,Alpha
458594,Peppermint
489999,Searching
451915,Beautiful Boy
400535,Sicario: Day of the Soldado
263115,Logan
155,The Dark Knight
210577,Gone Girl
446101,Assassination Nation
1124,The Prestige
399055,The Shape of Water
429203,The Old Man & the Gun
8966,Twilight
334543,Lion
455207,Crazy Rich Asians
315635,Spider-Man: Homecoming
361292,Suspiria
490132,Green Book
500475,SuperFly
49026,The Dark Knight Rises
390874,Ashes in the Snow
454227,Outlaw King
446807,The Girl in the Spider's Web
150540,Inside Out
316029,The Greatest Showman
244786,Whiplash
374720,Dunkirk
350,The Devil Wears Prada
286217,The Martian
72190,World War Z
449459,The Vanishing
466411,Speed Kills
194662,Birdman
455980,Tag
451925,Time Freak
68718,Django Unchained
242582,Nightcrawler
440472,The Upside
474354,22 July
119450,Dawn of the Planet of the Apes
395991,Only the Brave
398818,Call Me by Your Name
313369,La La Land
537996,The Ballad of Buster Scruggs
489930,Blindspotting
16869,Inglourious Basterds
228150,Fury
489931,American Animals
329865,Arrival
272,Batman Begins
150689,Cinderella
381284,Hidden Figures
205596,The Imitation Game
459910,Braven
68734,Argo
472734,Dumplin'
391713,Lady Bird
168259,Furious 7
106646,The Wolf of Wall Street
481117,The Brawler
460071,Lizzie
359940,Three Billboards Outside Ebbing, Missouri
254128,San Andreas
264660,Ex Machina
152601,Her
412862,Ratsasan
11130,The Princess Diaries 2: Royal Engagement
396371,Molly's Game
429415,Extinction
216015,Fifty Shades of Grey
395834,Wind River
61791,Rise of the Planet of the Apes
392044,Murder on the Orient Express
307081,Southpaw
468362,The Angel
470229,Summer of 84
388,Inside Man
11324,Shutter Island
433683,History of the First Kazakh Khans. The Diamond Sword
419831,I Kill Giants
406997,Wonder
571030,La Palma
438145,Black '47
346672,Underworld: Blood Wars
520360,King of Thieves
476292,Maquia: When the Promised Flower Blooms
381283,mother!
399905,Female War: A Nasty Deal
324786,Hacksaw Ridge
395841,Hold the Dark
372058,Your Name.
82693,Silver Linings Playbook
281338,War for the Planet of the Apes
273481,Sicario
449176,Love, Simon
7840,10,000 BC
44214,Black Swan
448776,A Prayer Before Dawn
384680,Hostiles
443009,Don't Worry, He Won't Get Far on Foot
429351,12 Strong
389015,I, Tonya
453201,The 15:17 to Paris
77338,The Intouchables
503346,Occupation
395990,Death Wish
419743,Disobedience
49047,Gravity
6479,I Am Legend
72570,The Vow
470894,At First Light
440298,Cold War
401469,Widows
295011,Patient Zero
24021,The Twilight Saga: Eclipse
399404,Darkest Hour
464502,Acrimony
523882,Aren't You Happy?
312221,Creed
49017,Dracula Untold
446354,The Post
458737,First Reformed
561362,Rust Creek
273248,The Hateful Eight
82695,Les Misérables
62764,Mirror Mirror
18239,The Twilight Saga: New Moon
339103,Gotti
315837,Ghost in the Shell
1422,The Departed
120467,The Grand Budapest Hotel
363676,Sully
296096,Me Before You
283366,Miss Peregrine's Home for Peculiar Children
1402,The Pursuit of Happyness
425972,Cargo
570871,The Final Land
295964,Burnt
486947,The Guilty
50620,The Twilight Saga: Breaking Dawn - Part 2
176147,Secret Love: The Schoolboy and the Mailwoman
400579,Tully
400617,Phantom Thread
429417,Ghost Stories
76203,12 Years a Slave
487416,Golden Youth
433498,Papillon
541737,G'stätten
491584,Burning
550958,Holy Lands
419478,Midnight Sun
519185,Ayka
652,Troy
425336,Loving Pablo
571034,This Is Where I Meet You
154400,The Drop
370663,Below Her Mouth
2503,The Bourne Ultimatum
8456,Never Back Down
222935,The Fault in Our Stars
376867,Moonlight
487670,The Death of Superman
499963,The Aspern Papers
505192,Shoplifters
265208,Wild Card
38,Eternal Sunshine of the Spotless Mind
4922,The Curious Case of Benjamin Button
122906,About Time
446791,All the Money in the World
530442,My Teacher, My Obsession
369885,Allied
13374,Ice Princess
340674,Dark Crimes
414001,The Mercy
500919,211
17979,A Christmas Carol
290595,The Huntsman: Winter's War
64690,Drive
395992,Life
462919,Sierra Burgess Is a Loser
2502,The Bourne Supremacy
64682,The Great Gatsby
264644,Room
398181,You Were Never Really Here
68724,Elysium
401905,Fahrenheit 451
254320,The Lobster
787,Mr. & Mrs. Smith
406990,What Happened to Monday
281957,The Revenant
334541,Manchester by the Sea
241554,Run All Night
496274,The Thinning: New World Order
244761,The Captive
112160,Sexual Chronicles of a French Family
11036,The Notebook
339988,The Circle
399057,The Killing of a Sacred Deer
353326,The Man Who Knew Infinity
489929,Destination Wedding
4348,Pride & Prejudice
463858,The Freshmen
278927,The Jungle Book
508763,A Dog's Way Home
86834,Noah
124905,Godzilla
465136,Every Day
318846,The Big Short
220882,London Fields
1495,Kingdom of Heaven
339692,Shot Caller
417261,Forever My Girl
457601,Everything You Want
58595,Snow White and the Huntsman
12405,Slumdog Millionaire
378064,A Silent Voice
571032,Nevrland
31011,Mr. Nobody
6977,No Country for Old Men
416194,The Quake
437586,Mid90s
1538,Collateral
146233,Prisoners
475094,The Captain
205587,The Judge
171274,Inherent Vice
19913,(500) Days of Summer
536176,Brexit: The Uncivil War
45317,The Fighter
454652,Colette
266856,The Theory of Everything
371638,The Disaster Artist
84892,The Perks of Being a Wallflower
18240,The Proposal
396461,Under the Silver Lake
400928,Gifted
13223,Gran Torino
314365,Spotlight
341174,Fifty Shades Darker
338766,Hell or High Water
254,King Kong
333371,10 Cloverfield Lane
37799,The Social Network
70,Million Dollar Baby
277216,Straight Outta Compton
489925,Eighth Grade
416477,The Big Sick
345920,Collateral Beauty
335797,Sing
39254,Real Steel
9693,Children of Men
385448,The Little Mermaid
121046,Eternity
491472,At Eternity's Gate
512412,Backtrace
20497,Ballet Shoes
227306,Unbroken
385360,Billionaire Boys Club
10947,High School Musical
303991,Demolition
390062,Jungle
65754,The Girl with the Dragon Tattoo
253412,Everest
44826,Hugo
274857,King Arthur: Legend of the Sword
14574,The Boy in the Striped Pyjamas
379149,The Foreigner
516630,The Standoff at Sparrow Creek
443463,Leave No Trace
554600,Uri: The Surgical Strike
1949,Zodiac
83542,Cloud Atlas
4771,Gone Baby Gone
10184,He's Just Not That Into You
347984,6 Days
9762,Step Up
50646,Crazy, Stupid, Love.
296098,Bridge of Spies
290098,The Handmaiden
147441,Exodus: Gods and Kings
308266,War Dogs
440161,The Sisters Brothers
258480,Carol
13885,Sweeney Todd: The Demon Barber of Fleet Street
414425,Mudbound
418827,Sister's Younger Husband
399366,Marrowbone
346685,The Girl on the Train
258216,Nymphomaniac: Vol. I
332567,The Shallows
385332,Terminal
340666,Nocturnal Animals
381289,A Dog's Purpose
382591,Two Is a Family
2567,The Aviator
454610,Anthem of a Teenage Prophet
513574,Battle
142,Brokeback Mountain
1491,The Illusionist
333348,Love the Coopers
12162,The Hurt Locker
17431,Moon
207932,Inferno
261023,Black Mass
201088,Blackhat
314095,The Lost City of Z
413362,Roman J. Israel, Esq.
109424,Captain Phillips
8328,Step Up 2: The Streets
393519,Raw
1246,Rocky Balboa
157386,The Spectacular Now
14047,The Great Debaters
37958,Immortals
489927,The Kindergarten Teacher
75780,Jack Reacher
429200,Good Time
449924,Ip Man 4
399019,The Beguiled
561,Constantine
394117,The Florida Project
168672,American Hustle
28178,Hachi: A Dog's Tale
417812,Wildlife
399170,Logan Lucky
507419,Inba Twinkle Lilly